EmployeeID,nb_jours_absents,taux_absence
1,29,11.11
2,25,9.58
3,19,7.28
4,26,9.96
5,16,6.13
6,24,9.2
7,29,11.11
8,18,6.9
9,31,11.88
10,27,10.34
11,20,7.66
12,20,7.66
13,32,12.26
14,26,9.96
15,20,7.66
16,24,9.2
17,34,13.03
18,15,5.75
19,29,11.11
20,30,11.49
21,29,11.11
22,28,10.73
23,29,11.11
24,19,7.28
25,30,11.49
26,20,7.66
27,22,8.43
28,25,9.58
29,18,6.9
30,31,11.88
31,23,8.81
32,19,7.28
33,27,10.34
34,18,6.9
35,21,8.05
36,29,11.11
37,19,7.28
38,31,11.88
39,34,13.03
40,22,8.43
41,17,6.51
42,26,9.96
43,19,7.28
44,21,8.05
45,17,6.51
46,21,8.05
47,26,9.96
48,24,9.2
49,34,13.03
50,33,12.64
51,19,7.28
52,24,9.2
53,22,8.43
54,25,9.58
55,17,6.51
56,24,9.2
57,16,6.13
58,34,13.03
59,18,6.9
60,22,8.43
61,17,6.51
62,22,8.43
63,30,11.49
64,18,6.9
65,24,9.2
66,14,5.36
67,29,11.11
68,34,13.03
69,33,12.64
70,15,5.75
71,19,7.28
72,18,6.9
73,26,9.96
74,30,11.49
75,29,11.11
76,23,8.81
77,19,7.28
78,30,11.49
79,31,11.88
80,22,8.43
81,29,11.11
82,17,6.51
83,25,9.58
84,19,7.28
85,23,8.81
86,17,6.51
87,28,10.73
88,24,9.2
89,22,8.43
90,22,8.43
91,24,9.2
92,28,10.73
93,33,12.64
94,30,11.49
95,28,10.73
96,14,5.36
97,16,6.13
98,18,6.9
99,22,8.43
100,17,6.51
101,29,11.11
102,23,8.81
103,26,9.96
104,28,10.73
105,32,12.26
106,30,11.49
107,30,11.49
108,33,12.64
109,28,10.73
110,31,11.88
111,27,10.34
112,15,5.75
113,31,11.88
114,16,6.13
115,25,9.58
116,27,10.34
117,29,11.11
118,21,8.05
119,33,12.64
120,27,10.34
121,26,9.96
122,25,9.58
123,31,11.88
124,30,11.49
125,21,8.05
126,30,11.49
127,25,9.58
128,21,8.05
129,21,8.05
130,31,11.88
131,26,9.96
132,16,6.13
133,26,9.96
134,23,8.81
135,34,13.03
136,27,10.34
137,29,11.11
138,34,13.03
139,23,8.81
140,29,11.11
141,28,10.73
142,29,11.11
143,16,6.13
144,22,8.43
145,16,6.13
146,20,7.66
147,25,9.58
148,25,9.58
149,18,6.9
150,24,9.2
151,26,9.96
152,28,10.73
153,31,11.88
154,29,11.11
155,24,9.2
156,23,8.81
157,25,9.58
158,34,13.03
159,24,9.2
160,31,11.88
161,34,13.03
162,27,10.34
163,19,7.28
164,24,9.2
165,27,10.34
166,22,8.43
167,30,11.49
168,18,6.9
169,21,8.05
170,30,11.49
171,31,11.88
172,19,7.28
173,27,10.34
174,20,7.66
175,27,10.34
176,27,10.34
177,25,9.58
178,27,10.34
179,17,6.51
180,20,7.66
181,19,7.28
182,33,12.64
183,24,9.2
184,25,9.58
185,17,6.51
186,27,10.34
187,30,11.49
188,27,10.34
189,31,11.88
190,28,10.73
191,17,6.51
192,19,7.28
193,19,7.28
194,25,9.58
195,35,13.41
196,17,6.51
197,33,12.64
198,20,7.66
199,27,10.34
200,20,7.66
201,22,8.43
202,31,11.88
203,32,12.26
204,33,12.64
205,24,9.2
206,28,10.73
207,21,8.05
208,33,12.64
209,22,8.43
210,20,7.66
211,17,6.51
212,20,7.66
213,19,7.28
214,22,8.43
215,24,9.2
216,20,7.66
217,30,11.49
218,19,7.28
219,29,11.11
220,17,6.51
221,34,13.03
222,15,5.75
223,28,10.73
224,30,11.49
225,22,8.43
226,22,8.43
227,27,10.34
228,22,8.43
229,18,6.9
230,19,7.28
231,26,9.96
232,16,6.13
233,19,7.28
234,18,6.9
235,24,9.2
236,33,12.64
237,28,10.73
238,22,8.43
239,31,11.88
240,30,11.49
241,34,13.03
242,26,9.96
243,19,7.28
244,24,9.2
245,26,9.96
246,22,8.43
247,33,12.64
248,17,6.51
249,23,8.81
250,27,10.34
251,24,9.2
252,19,7.28
253,33,12.64
254,24,9.2
255,31,11.88
256,23,8.81
257,15,5.75
258,30,11.49
259,27,10.34
260,20,7.66
261,19,7.28
262,32,12.26
263,31,11.88
264,27,10.34
265,32,12.26
266,15,5.75
267,29,11.11
268,20,7.66
269,28,10.73
270,27,10.34
271,15,5.75
272,28,10.73
273,30,11.49
274,31,11.88
275,30,11.49
276,19,7.28
277,31,11.88
278,34,13.03
279,24,9.2
280,24,9.2
281,28,10.73
282,34,13.03
283,32,12.26
284,23,8.81
285,32,12.26
286,20,7.66
287,32,12.26
288,28,10.73
289,18,6.9
290,22,8.43
291,25,9.58
292,18,6.9
293,30,11.49
294,20,7.66
295,28,10.73
296,27,10.34
297,17,6.51
298,32,12.26
299,34,13.03
300,30,11.49
301,34,13.03
302,24,9.2
303,23,8.81
304,31,11.88
305,23,8.81
306,29,11.11
307,26,9.96
308,29,11.11
309,29,11.11
310,17,6.51
311,22,8.43
312,29,11.11
313,19,7.28
314,29,11.11
315,21,8.05
316,31,11.88
317,22,8.43
318,17,6.51
319,23,8.81
320,18,6.9
321,19,7.28
322,30,11.49
323,17,6.51
324,33,12.64
325,18,6.9
326,32,12.26
327,19,7.28
328,24,9.2
329,20,7.66
330,24,9.2
331,25,9.58
332,13,4.98
333,20,7.66
334,19,7.28
335,23,8.81
336,33,12.64
337,28,10.73
338,29,11.11
339,24,9.2
340,29,11.11
341,31,11.88
342,33,12.64
343,30,11.49
344,29,11.11
345,16,6.13
346,30,11.49
347,18,6.9
348,19,7.28
349,26,9.96
350,30,11.49
351,33,12.64
352,30,11.49
353,27,10.34
354,23,8.81
355,17,6.51
356,19,7.28
357,31,11.88
358,16,6.13
359,30,11.49
360,22,8.43
361,23,8.81
362,20,7.66
363,30,11.49
364,26,9.96
365,27,10.34
366,31,11.88
367,16,6.13
368,24,9.2
369,19,7.28
370,27,10.34
371,20,7.66
372,34,13.03
373,29,11.11
374,20,7.66
375,31,11.88
376,19,7.28
377,18,6.9
378,32,12.26
379,30,11.49
380,32,12.26
381,24,9.2
382,20,7.66
383,31,11.88
384,26,9.96
385,25,9.58
386,22,8.43
387,21,8.05
388,19,7.28
389,28,10.73
390,25,9.58
391,26,9.96
392,17,6.51
393,27,10.34
394,17,6.51
395,24,9.2
396,33,12.64
397,16,6.13
398,26,9.96
399,14,5.36
400,24,9.2
401,22,8.43
402,34,13.03
403,17,6.51
404,20,7.66
405,27,10.34
406,16,6.13
407,17,6.51
408,24,9.2
409,20,7.66
410,30,11.49
411,25,9.58
412,22,8.43
413,22,8.43
414,15,5.75
415,33,12.64
416,23,8.81
417,22,8.43
418,18,6.9
419,23,8.81
420,29,11.11
421,22,8.43
422,17,6.51
423,22,8.43
424,17,6.51
425,19,7.28
426,28,10.73
427,35,13.41
428,20,7.66
429,28,10.73
430,23,8.81
431,20,7.66
432,19,7.28
433,30,11.49
434,16,6.13
435,26,9.96
436,24,9.2
437,17,6.51
438,35,13.41
439,24,9.2
440,32,12.26
441,24,9.2
442,23,8.81
443,31,11.88
444,19,7.28
445,32,12.26
446,33,12.64
447,24,9.2
448,31,11.88
449,24,9.2
450,26,9.96
451,19,7.28
452,23,8.81
453,29,11.11
454,25,9.58
455,17,6.51
456,20,7.66
457,31,11.88
458,20,7.66
459,30,11.49
460,28,10.73
461,19,7.28
462,19,7.28
463,26,9.96
464,18,6.9
465,17,6.51
466,19,7.28
467,17,6.51
468,29,11.11
469,19,7.28
470,26,9.96
471,31,11.88
472,21,8.05
473,28,10.73
474,20,7.66
475,33,12.64
476,31,11.88
477,33,12.64
478,18,6.9
479,30,11.49
480,23,8.81
481,24,9.2
482,18,6.9
483,23,8.81
484,33,12.64
485,25,9.58
486,16,6.13
487,27,10.34
488,25,9.58
489,34,13.03
490,33,12.64
491,28,10.73
492,25,9.58
493,17,6.51
494,33,12.64
495,20,7.66
496,21,8.05
497,26,9.96
498,18,6.9
499,23,8.81
500,18,6.9
501,20,7.66
502,17,6.51
503,19,7.28
504,27,10.34
505,30,11.49
506,17,6.51
507,19,7.28
508,23,8.81
509,27,10.34
510,31,11.88
511,35,13.41
512,16,6.13
513,27,10.34
514,24,9.2
515,28,10.73
516,29,11.11
517,34,13.03
518,20,7.66
519,18,6.9
520,32,12.26
521,22,8.43
522,19,7.28
523,28,10.73
524,30,11.49
525,18,6.9
526,24,9.2
527,31,11.88
528,23,8.81
529,18,6.9
530,30,11.49
531,18,6.9
532,20,7.66
533,28,10.73
534,27,10.34
535,32,12.26
536,15,5.75
537,27,10.34
538,16,6.13
539,21,8.05
540,28,10.73
541,27,10.34
542,17,6.51
543,26,9.96
544,15,5.75
545,18,6.9
546,32,12.26
547,33,12.64
548,29,11.11
549,19,7.28
550,14,5.36
551,31,11.88
552,24,9.2
553,23,8.81
554,29,11.11
555,17,6.51
556,28,10.73
557,18,6.9
558,25,9.58
559,28,10.73
560,31,11.88
561,33,12.64
562,33,12.64
563,32,12.26
564,31,11.88
565,31,11.88
566,29,11.11
567,15,5.75
568,16,6.13
569,35,13.41
570,25,9.58
571,27,10.34
572,27,10.34
573,23,8.81
574,30,11.49
575,17,6.51
576,28,10.73
577,31,11.88
578,19,7.28
579,22,8.43
580,27,10.34
581,30,11.49
582,30,11.49
583,34,13.03
584,33,12.64
585,23,8.81
586,18,6.9
587,20,7.66
588,20,7.66
589,24,9.2
590,18,6.9
591,21,8.05
592,19,7.28
593,33,12.64
594,35,13.41
595,23,8.81
596,22,8.43
597,17,6.51
598,18,6.9
599,27,10.34
600,30,11.49
601,18,6.9
602,24,9.2
603,24,9.2
604,25,9.58
605,29,11.11
606,24,9.2
607,21,8.05
608,27,10.34
609,35,13.41
610,22,8.43
611,35,13.41
612,24,9.2
613,25,9.58
614,34,13.03
615,35,13.41
616,32,12.26
617,19,7.28
618,24,9.2
619,23,8.81
620,31,11.88
621,21,8.05
622,22,8.43
623,26,9.96
624,27,10.34
625,23,8.81
626,27,10.34
627,31,11.88
628,17,6.51
629,23,8.81
630,16,6.13
631,17,6.51
632,28,10.73
633,22,8.43
634,27,10.34
635,25,9.58
636,31,11.88
637,17,6.51
638,21,8.05
639,25,9.58
640,21,8.05
641,23,8.81
642,32,12.26
643,18,6.9
644,19,7.28
645,30,11.49
646,16,6.13
647,20,7.66
648,23,8.81
649,23,8.81
650,28,10.73
651,27,10.34
652,28,10.73
653,34,13.03
654,17,6.51
655,16,6.13
656,30,11.49
657,21,8.05
658,20,7.66
659,23,8.81
660,21,8.05
661,15,5.75
662,27,10.34
663,21,8.05
664,31,11.88
665,26,9.96
666,26,9.96
667,15,5.75
668,27,10.34
669,30,11.49
670,14,5.36
671,24,9.2
672,29,11.11
673,32,12.26
674,17,6.51
675,27,10.34
676,28,10.73
677,29,11.11
678,34,13.03
679,20,7.66
680,17,6.51
681,33,12.64
682,23,8.81
683,19,7.28
684,24,9.2
685,21,8.05
686,25,9.58
687,24,9.2
688,28,10.73
689,22,8.43
690,23,8.81
691,17,6.51
692,17,6.51
693,31,11.88
694,29,11.11
695,26,9.96
696,32,12.26
697,22,8.43
698,33,12.64
699,29,11.11
700,21,8.05
701,22,8.43
702,17,6.51
703,26,9.96
704,27,10.34
705,23,8.81
706,24,9.2
707,32,12.26
708,34,13.03
709,32,12.26
710,33,12.64
711,27,10.34
712,19,7.28
713,22,8.43
714,34,13.03
715,17,6.51
716,32,12.26
717,24,9.2
718,18,6.9
719,26,9.96
720,27,10.34
721,25,9.58
722,27,10.34
723,23,8.81
724,20,7.66
725,35,13.41
726,28,10.73
727,27,10.34
728,22,8.43
729,14,5.36
730,32,12.26
731,23,8.81
732,23,8.81
733,21,8.05
734,29,11.11
735,22,8.43
736,20,7.66
737,24,9.2
738,23,8.81
739,30,11.49
740,20,7.66
741,36,13.79
742,24,9.2
743,26,9.96
744,31,11.88
745,31,11.88
746,33,12.64
747,32,12.26
748,20,7.66
749,23,8.81
750,32,12.26
751,31,11.88
752,15,5.75
753,28,10.73
754,27,10.34
755,21,8.05
756,16,6.13
757,25,9.58
758,33,12.64
759,27,10.34
760,18,6.9
761,23,8.81
762,16,6.13
763,24,9.2
764,24,9.2
765,28,10.73
766,29,11.11
767,20,7.66
768,25,9.58
769,24,9.2
770,34,13.03
771,18,6.9
772,31,11.88
773,20,7.66
774,23,8.81
775,18,6.9
776,32,12.26
777,26,9.96
778,35,13.41
779,18,6.9
780,27,10.34
781,26,9.96
782,27,10.34
783,19,7.28
784,28,10.73
785,31,11.88
786,27,10.34
787,20,7.66
788,21,8.05
789,17,6.51
790,23,8.81
791,25,9.58
792,22,8.43
793,34,13.03
794,27,10.34
795,31,11.88
796,31,11.88
797,25,9.58
798,32,12.26
799,17,6.51
800,18,6.9
801,19,7.28
802,34,13.03
803,28,10.73
804,22,8.43
805,18,6.9
806,18,6.9
807,19,7.28
808,26,9.96
809,17,6.51
810,21,8.05
811,17,6.51
812,21,8.05
813,34,13.03
814,28,10.73
815,17,6.51
816,31,11.88
817,30,11.49
818,22,8.43
819,33,12.64
820,20,7.66
821,32,12.26
822,33,12.64
823,20,7.66
824,32,12.26
825,27,10.34
826,31,11.88
827,27,10.34
828,31,11.88
829,25,9.58
830,29,11.11
831,21,8.05
832,30,11.49
833,23,8.81
834,28,10.73
835,22,8.43
836,17,6.51
837,18,6.9
838,19,7.28
839,17,6.51
840,19,7.28
841,19,7.28
842,24,9.2
843,29,11.11
844,20,7.66
845,17,6.51
846,24,9.2
847,20,7.66
848,27,10.34
849,32,12.26
850,22,8.43
851,17,6.51
852,28,10.73
853,29,11.11
854,17,6.51
855,18,6.9
856,27,10.34
857,29,11.11
858,22,8.43
859,27,10.34
860,33,12.64
861,22,8.43
862,25,9.58
863,29,11.11
864,30,11.49
865,24,9.2
866,33,12.64
867,16,6.13
868,24,9.2
869,21,8.05
870,21,8.05
871,26,9.96
872,18,6.9
873,17,6.51
874,29,11.11
875,26,9.96
876,33,12.64
877,28,10.73
878,20,7.66
879,24,9.2
880,24,9.2
881,18,6.9
882,29,11.11
883,18,6.9
884,28,10.73
885,15,5.75
886,28,10.73
887,28,10.73
888,16,6.13
889,22,8.43
890,22,8.43
891,31,11.88
892,18,6.9
893,26,9.96
894,21,8.05
895,26,9.96
896,18,6.9
897,19,7.28
898,35,13.41
899,31,11.88
900,31,11.88
901,22,8.43
902,29,11.11
903,19,7.28
904,28,10.73
905,21,8.05
906,30,11.49
907,21,8.05
908,29,11.11
909,33,12.64
910,25,9.58
911,22,8.43
912,31,11.88
913,18,6.9
914,17,6.51
915,26,9.96
916,28,10.73
917,28,10.73
918,28,10.73
919,22,8.43
920,21,8.05
921,28,10.73
922,28,10.73
923,33,12.64
924,19,7.28
925,20,7.66
926,23,8.81
927,31,11.88
928,19,7.28
929,31,11.88
930,19,7.28
931,18,6.9
932,34,13.03
933,33,12.64
934,19,7.28
935,26,9.96
936,20,7.66
937,27,10.34
938,23,8.81
939,20,7.66
940,20,7.66
941,24,9.2
942,33,12.64
943,28,10.73
944,21,8.05
945,22,8.43
946,27,10.34
947,24,9.2
948,20,7.66
949,16,6.13
950,15,5.75
951,29,11.11
952,28,10.73
953,30,11.49
954,18,6.9
955,29,11.11
956,16,6.13
957,22,8.43
958,28,10.73
959,21,8.05
960,22,8.43
961,30,11.49
962,30,11.49
963,30,11.49
964,24,9.2
965,24,9.2
966,24,9.2
967,16,6.13
968,34,13.03
969,35,13.41
970,33,12.64
971,30,11.49
972,24,9.2
973,29,11.11
974,17,6.51
975,35,13.41
976,32,12.26
977,26,9.96
978,30,11.49
979,22,8.43
980,19,7.28
981,26,9.96
982,23,8.81
983,14,5.36
984,16,6.13
985,18,6.9
986,21,8.05
987,24,9.2
988,26,9.96
989,31,11.88
990,31,11.88
991,32,12.26
992,32,12.26
993,21,8.05
994,30,11.49
995,24,9.2
996,33,12.64
997,15,5.75
998,33,12.64
999,16,6.13
1000,19,7.28
1001,35,13.41
1002,22,8.43
1003,33,12.64
1004,26,9.96
1005,21,8.05
1006,27,10.34
1007,29,11.11
1008,29,11.11
1009,22,8.43
1010,22,8.43
1011,29,11.11
1012,27,10.34
1013,17,6.51
1014,26,9.96
1015,25,9.58
1016,18,6.9
1017,29,11.11
1018,24,9.2
1019,19,7.28
1020,16,6.13
1021,21,8.05
1022,31,11.88
1023,33,12.64
1024,32,12.26
1025,16,6.13
1026,32,12.26
1027,22,8.43
1028,18,6.9
1029,31,11.88
1030,30,11.49
1031,24,9.2
1032,17,6.51
1033,31,11.88
1034,18,6.9
1035,22,8.43
1036,35,13.41
1037,26,9.96
1038,17,6.51
1039,20,7.66
1040,31,11.88
1041,16,6.13
1042,28,10.73
1043,29,11.11
1044,18,6.9
1045,33,12.64
1046,26,9.96
1047,24,9.2
1048,32,12.26
1049,26,9.96
1050,31,11.88
1051,23,8.81
1052,22,8.43
1053,21,8.05
1054,26,9.96
1055,26,9.96
1056,18,6.9
1057,29,11.11
1058,26,9.96
1059,31,11.88
1060,19,7.28
1061,24,9.2
1062,31,11.88
1063,24,9.2
1064,35,13.41
1065,23,8.81
1066,28,10.73
1067,30,11.49
1068,20,7.66
1069,24,9.2
1070,23,8.81
1071,32,12.26
1072,26,9.96
1073,19,7.28
1074,24,9.2
1075,27,10.34
1076,31,11.88
1077,23,8.81
1078,21,8.05
1079,25,9.58
1080,34,13.03
1081,33,12.64
1082,18,6.9
1083,29,11.11
1084,25,9.58
1085,30,11.49
1086,27,10.34
1087,28,10.73
1088,18,6.9
1089,19,7.28
1090,34,13.03
1091,17,6.51
1092,23,8.81
1093,30,11.49
1094,18,6.9
1095,20,7.66
1096,26,9.96
1097,30,11.49
1098,33,12.64
1099,32,12.26
1100,29,11.11
1101,30,11.49
1102,22,8.43
1103,25,9.58
1104,33,12.64
1105,23,8.81
1106,32,12.26
1107,24,9.2
1108,31,11.88
1109,31,11.88
1110,33,12.64
1111,17,6.51
1112,16,6.13
1113,29,11.11
1114,30,11.49
1115,31,11.88
1116,15,5.75
1117,15,5.75
1118,26,9.96
1119,26,9.96
1120,26,9.96
1121,18,6.9
1122,20,7.66
1123,19,7.28
1124,29,11.11
1125,14,5.36
1126,19,7.28
1127,27,10.34
1128,24,9.2
1129,19,7.28
1130,21,8.05
1131,17,6.51
1132,24,9.2
1133,34,13.03
1134,18,6.9
1135,31,11.88
1136,18,6.9
1137,19,7.28
1138,29,11.11
1139,16,6.13
1140,31,11.88
1141,20,7.66
1142,17,6.51
1143,31,11.88
1144,26,9.96
1145,19,7.28
1146,32,12.26
1147,32,12.26
1148,23,8.81
1149,15,5.75
1150,20,7.66
1151,24,9.2
1152,20,7.66
1153,21,8.05
1154,34,13.03
1155,35,13.41
1156,28,10.73
1157,29,11.11
1158,29,11.11
1159,26,9.96
1160,31,11.88
1161,19,7.28
1162,17,6.51
1163,27,10.34
1164,19,7.28
1165,25,9.58
1166,33,12.64
1167,20,7.66
1168,20,7.66
1169,17,6.51
1170,33,12.64
1171,24,9.2
1172,28,10.73
1173,31,11.88
1174,26,9.96
1175,20,7.66
1176,18,6.9
1177,17,6.51
1178,29,11.11
1179,22,8.43
1180,17,6.51
1181,33,12.64
1182,18,6.9
1183,25,9.58
1184,30,11.49
1185,14,5.36
1186,17,6.51
1187,30,11.49
1188,26,9.96
1189,31,11.88
1190,32,12.26
1191,21,8.05
1192,26,9.96
1193,26,9.96
1194,20,7.66
1195,27,10.34
1196,27,10.34
1197,32,12.26
1198,25,9.58
1199,28,10.73
1200,26,9.96
1201,23,8.81
1202,19,7.28
1203,19,7.28
1204,19,7.28
1205,26,9.96
1206,26,9.96
1207,22,8.43
1208,21,8.05
1209,25,9.58
1210,32,12.26
1211,25,9.58
1212,32,12.26
1213,29,11.11
1214,25,9.58
1215,15,5.75
1216,24,9.2
1217,25,9.58
1218,27,10.34
1219,28,10.73
1220,20,7.66
1221,18,6.9
1222,19,7.28
1223,25,9.58
1224,26,9.96
1225,34,13.03
1226,33,12.64
1227,27,10.34
1228,30,11.49
1229,27,10.34
1230,26,9.96
1231,24,9.2
1232,21,8.05
1233,18,6.9
1234,32,12.26
1235,23,8.81
1236,32,12.26
1237,29,11.11
1238,33,12.64
1239,30,11.49
1240,19,7.28
1241,20,7.66
1242,31,11.88
1243,20,7.66
1244,20,7.66
1245,18,6.9
1246,29,11.11
1247,17,6.51
1248,27,10.34
1249,18,6.9
1250,19,7.28
1251,31,11.88
1252,23,8.81
1253,22,8.43
1254,32,12.26
1255,18,6.9
1256,22,8.43
1257,32,12.26
1258,32,12.26
1259,27,10.34
1260,30,11.49
1261,17,6.51
1262,31,11.88
1263,29,11.11
1264,25,9.58
1265,23,8.81
1266,24,9.2
1267,20,7.66
1268,16,6.13
1269,29,11.11
1270,28,10.73
1271,21,8.05
1272,27,10.34
1273,32,12.26
1274,27,10.34
1275,27,10.34
1276,26,9.96
1277,18,6.9
1278,19,7.28
1279,34,13.03
1280,21,8.05
1281,20,7.66
1282,18,6.9
1283,31,11.88
1284,25,9.58
1285,31,11.88
1286,20,7.66
1287,31,11.88
1288,19,7.28
1289,25,9.58
1290,25,9.58
1291,16,6.13
1292,23,8.81
1293,27,10.34
1294,29,11.11
1295,23,8.81
1296,33,12.64
1297,19,7.28
1298,20,7.66
1299,32,12.26
1300,23,8.81
1301,18,6.9
1302,19,7.28
1303,31,11.88
1304,25,9.58
1305,25,9.58
1306,25,9.58
1307,20,7.66
1308,20,7.66
1309,26,9.96
1310,19,7.28
1311,30,11.49
1312,18,6.9
1313,14,5.36
1314,27,10.34
1315,15,5.75
1316,24,9.2
1317,30,11.49
1318,27,10.34
1319,28,10.73
1320,20,7.66
1321,20,7.66
1322,19,7.28
1323,22,8.43
1324,23,8.81
1325,31,11.88
1326,23,8.81
1327,24,9.2
1328,29,11.11
1329,23,8.81
1330,23,8.81
1331,23,8.81
1332,26,9.96
1333,30,11.49
1334,18,6.9
1335,29,11.11
1336,21,8.05
1337,28,10.73
1338,25,9.58
1339,27,10.34
1340,22,8.43
1341,25,9.58
1342,21,8.05
1343,29,11.11
1344,22,8.43
1345,16,6.13
1346,32,12.26
1347,23,8.81
1348,25,9.58
1349,21,8.05
1350,16,6.13
1351,25,9.58
1352,30,11.49
1353,19,7.28
1354,31,11.88
1355,15,5.75
1356,26,9.96
1357,20,7.66
1358,33,12.64
1359,33,12.64
1360,19,7.28
1361,26,9.96
1362,19,7.28
1363,33,12.64
1364,29,11.11
1365,29,11.11
1366,31,11.88
1367,26,9.96
1368,25,9.58
1369,15,5.75
1370,15,5.75
1371,33,12.64
1372,29,11.11
1373,18,6.9
1374,23,8.81
1375,30,11.49
1376,15,5.75
1377,18,6.9
1378,28,10.73
1379,30,11.49
1380,29,11.11
1381,26,9.96
1382,29,11.11
1383,27,10.34
1384,31,11.88
1385,29,11.11
1386,26,9.96
1387,28,10.73
1388,17,6.51
1389,30,11.49
1390,30,11.49
1391,26,9.96
1392,22,8.43
1393,24,9.2
1394,21,8.05
1395,16,6.13
1396,31,11.88
1397,23,8.81
1398,16,6.13
1399,25,9.58
1400,26,9.96
1401,34,13.03
1402,29,11.11
1403,33,12.64
1404,25,9.58
1405,22,8.43
1406,23,8.81
1407,33,12.64
1408,23,8.81
1409,32,12.26
1410,33,12.64
1411,35,13.41
1412,22,8.43
1413,30,11.49
1414,15,5.75
1415,29,11.11
1416,24,9.2
1417,26,9.96
1418,19,7.28
1419,21,8.05
1420,30,11.49
1421,35,13.41
1422,32,12.26
1423,24,9.2
1424,24,9.2
1425,34,13.03
1426,24,9.2
1427,31,11.88
1428,29,11.11
1429,29,11.11
1430,21,8.05
1431,32,12.26
1432,30,11.49
1433,16,6.13
1434,19,7.28
1435,21,8.05
1436,28,10.73
1437,18,6.9
1438,21,8.05
1439,19,7.28
1440,23,8.81
1441,19,7.28
1442,22,8.43
1443,22,8.43
1444,27,10.34
1445,30,11.49
1446,29,11.11
1447,30,11.49
1448,29,11.11
1449,21,8.05
1450,25,9.58
1451,16,6.13
1452,21,8.05
1453,23,8.81
1454,21,8.05
1455,18,6.9
1456,20,7.66
1457,26,9.96
1458,25,9.58
1459,33,12.64
1460,26,9.96
1461,27,10.34
1462,33,12.64
1463,30,11.49
1464,29,11.11
1465,22,8.43
1466,19,7.28
1467,25,9.58
1468,18,6.9
1469,15,5.75
1470,33,12.64
1471,28,10.73
1472,30,11.49
1473,20,7.66
1474,30,11.49
1475,32,12.26
1476,28,10.73
1477,33,12.64
1478,24,9.2
1479,33,12.64
1480,28,10.73
1481,31,11.88
1482,28,10.73
1483,20,7.66
1484,19,7.28
1485,31,11.88
1486,18,6.9
1487,25,9.58
1488,24,9.2
1489,30,11.49
1490,19,7.28
1491,20,7.66
1492,21,8.05
1493,24,9.2
1494,31,11.88
1495,21,8.05
1496,29,11.11
1497,24,9.2
1498,28,10.73
1499,30,11.49
1500,19,7.28
1501,28,10.73
1502,17,6.51
1503,19,7.28
1504,32,12.26
1505,26,9.96
1506,14,5.36
1507,18,6.9
1508,23,8.81
1509,29,11.11
1510,29,11.11
1511,29,11.11
1512,31,11.88
1513,31,11.88
1514,23,8.81
1515,18,6.9
1516,28,10.73
1517,29,11.11
1518,30,11.49
1519,32,12.26
1520,34,13.03
1521,24,9.2
1522,16,6.13
1523,32,12.26
1524,19,7.28
1525,20,7.66
1526,27,10.34
1527,22,8.43
1528,18,6.9
1529,19,7.28
1530,20,7.66
1531,16,6.13
1532,31,11.88
1533,17,6.51
1534,27,10.34
1535,32,12.26
1536,31,11.88
1537,26,9.96
1538,29,11.11
1539,26,9.96
1540,26,9.96
1541,29,11.11
1542,15,5.75
1543,31,11.88
1544,28,10.73
1545,35,13.41
1546,21,8.05
1547,17,6.51
1548,24,9.2
1549,15,5.75
1550,25,9.58
1551,25,9.58
1552,36,13.79
1553,21,8.05
1554,16,6.13
1555,32,12.26
1556,30,11.49
1557,32,12.26
1558,20,7.66
1559,16,6.13
1560,23,8.81
1561,32,12.26
1562,24,9.2
1563,30,11.49
1564,18,6.9
1565,28,10.73
1566,24,9.2
1567,24,9.2
1568,26,9.96
1569,19,7.28
1570,19,7.28
1571,20,7.66
1572,28,10.73
1573,22,8.43
1574,24,9.2
1575,23,8.81
1576,19,7.28
1577,21,8.05
1578,18,6.9
1579,29,11.11
1580,16,6.13
1581,30,11.49
1582,31,11.88
1583,20,7.66
1584,20,7.66
1585,20,7.66
1586,35,13.41
1587,26,9.96
1588,31,11.88
1589,22,8.43
1590,34,13.03
1591,25,9.58
1592,31,11.88
1593,26,9.96
1594,31,11.88
1595,33,12.64
1596,30,11.49
1597,33,12.64
1598,24,9.2
1599,22,8.43
1600,24,9.2
1601,29,11.11
1602,18,6.9
1603,33,12.64
1604,28,10.73
1605,23,8.81
1606,16,6.13
1607,17,6.51
1608,20,7.66
1609,31,11.88
1610,24,9.2
1611,27,10.34
1612,33,12.64
1613,28,10.73
1614,29,11.11
1615,32,12.26
1616,29,11.11
1617,20,7.66
1618,28,10.73
1619,29,11.11
1620,27,10.34
1621,19,7.28
1622,17,6.51
1623,22,8.43
1624,24,9.2
1625,28,10.73
1626,24,9.2
1627,16,6.13
1628,19,7.28
1629,25,9.58
1630,24,9.2
1631,32,12.26
1632,28,10.73
1633,27,10.34
1634,16,6.13
1635,22,8.43
1636,22,8.43
1637,22,8.43
1638,27,10.34
1639,35,13.41
1640,34,13.03
1641,30,11.49
1642,23,8.81
1643,29,11.11
1644,19,7.28
1645,20,7.66
1646,16,6.13
1647,18,6.9
1648,20,7.66
1649,24,9.2
1650,21,8.05
1651,24,9.2
1652,18,6.9
1653,19,7.28
1654,15,5.75
1655,30,11.49
1656,26,9.96
1657,28,10.73
1658,19,7.28
1659,31,11.88
1660,31,11.88
1661,28,10.73
1662,21,8.05
1663,17,6.51
1664,26,9.96
1665,33,12.64
1666,18,6.9
1667,29,11.11
1668,23,8.81
1669,32,12.26
1670,16,6.13
1671,22,8.43
1672,29,11.11
1673,26,9.96
1674,19,7.28
1675,34,13.03
1676,17,6.51
1677,19,7.28
1678,28,10.73
1679,34,13.03
1680,31,11.88
1681,17,6.51
1682,26,9.96
1683,29,11.11
1684,33,12.64
1685,30,11.49
1686,17,6.51
1687,26,9.96
1688,33,12.64
1689,19,7.28
1690,19,7.28
1691,18,6.9
1692,29,11.11
1693,30,11.49
1694,26,9.96
1695,34,13.03
1696,15,5.75
1697,22,8.43
1698,30,11.49
1699,18,6.9
1700,22,8.43
1701,22,8.43
1702,23,8.81
1703,28,10.73
1704,27,10.34
1705,27,10.34
1706,16,6.13
1707,31,11.88
1708,20,7.66
1709,30,11.49
1710,23,8.81
1711,23,8.81
1712,30,11.49
1713,16,6.13
1714,32,12.26
1715,21,8.05
1716,33,12.64
1717,21,8.05
1718,30,11.49
1719,30,11.49
1720,34,13.03
1721,27,10.34
1722,21,8.05
1723,29,11.11
1724,21,8.05
1725,32,12.26
1726,20,7.66
1727,24,9.2
1728,18,6.9
1729,20,7.66
1730,18,6.9
1731,18,6.9
1732,22,8.43
1733,22,8.43
1734,26,9.96
1735,22,8.43
1736,28,10.73
1737,22,8.43
1738,19,7.28
1739,19,7.28
1740,19,7.28
1741,30,11.49
1742,31,11.88
1743,23,8.81
1744,16,6.13
1745,30,11.49
1746,23,8.81
1747,28,10.73
1748,18,6.9
1749,31,11.88
1750,23,8.81
1751,22,8.43
1752,34,13.03
1753,20,7.66
1754,25,9.58
1755,32,12.26
1756,23,8.81
1757,31,11.88
1758,16,6.13
1759,36,13.79
1760,17,6.51
1761,29,11.11
1762,29,11.11
1763,17,6.51
1764,23,8.81
1765,22,8.43
1766,15,5.75
1767,18,6.9
1768,15,5.75
1769,31,11.88
1770,25,9.58
1771,16,6.13
1772,16,6.13
1773,29,11.11
1774,34,13.03
1775,17,6.51
1776,21,8.05
1777,30,11.49
1778,16,6.13
1779,26,9.96
1780,29,11.11
1781,31,11.88
1782,21,8.05
1783,30,11.49
1784,34,13.03
1785,25,9.58
1786,27,10.34
1787,30,11.49
1788,31,11.88
1789,19,7.28
1790,30,11.49
1791,15,5.75
1792,26,9.96
1793,23,8.81
1794,31,11.88
1795,25,9.58
1796,31,11.88
1797,30,11.49
1798,16,6.13
1799,28,10.73
1800,25,9.58
1801,20,7.66
1802,15,5.75
1803,32,12.26
1804,31,11.88
1805,27,10.34
1806,19,7.28
1807,29,11.11
1808,21,8.05
1809,18,6.9
1810,27,10.34
1811,28,10.73
1812,30,11.49
1813,17,6.51
1814,22,8.43
1815,16,6.13
1816,28,10.73
1817,27,10.34
1818,30,11.49
1819,31,11.88
1820,31,11.88
1821,17,6.51
1822,25,9.58
1823,16,6.13
1824,32,12.26
1825,17,6.51
1826,22,8.43
1827,30,11.49
1828,31,11.88
1829,22,8.43
1830,27,10.34
1831,31,11.88
1832,33,12.64
1833,32,12.26
1834,23,8.81
1835,31,11.88
1836,28,10.73
1837,23,8.81
1838,33,12.64
1839,20,7.66
1840,26,9.96
1841,19,7.28
1842,18,6.9
1843,35,13.41
1844,14,5.36
1845,18,6.9
1846,28,10.73
1847,25,9.58
1848,29,11.11
1849,23,8.81
1850,34,13.03
1851,26,9.96
1852,25,9.58
1853,26,9.96
1854,24,9.2
1855,19,7.28
1856,24,9.2
1857,31,11.88
1858,15,5.75
1859,35,13.41
1860,19,7.28
1861,19,7.28
1862,20,7.66
1863,30,11.49
1864,30,11.49
1865,22,8.43
1866,35,13.41
1867,24,9.2
1868,20,7.66
1869,28,10.73
1870,18,6.9
1871,29,11.11
1872,30,11.49
1873,22,8.43
1874,21,8.05
1875,19,7.28
1876,32,12.26
1877,29,11.11
1878,16,6.13
1879,22,8.43
1880,28,10.73
1881,17,6.51
1882,20,7.66
1883,33,12.64
1884,29,11.11
1885,33,12.64
1886,18,6.9
1887,27,10.34
1888,30,11.49
1889,15,5.75
1890,32,12.26
1891,28,10.73
1892,23,8.81
1893,24,9.2
1894,24,9.2
1895,20,7.66
1896,30,11.49
1897,31,11.88
1898,26,9.96
1899,29,11.11
1900,32,12.26
1901,25,9.58
1902,28,10.73
1903,27,10.34
1904,25,9.58
1905,23,8.81
1906,21,8.05
1907,21,8.05
1908,34,13.03
1909,21,8.05
1910,15,5.75
1911,30,11.49
1912,17,6.51
1913,18,6.9
1914,32,12.26
1915,19,7.28
1916,20,7.66
1917,34,13.03
1918,27,10.34
1919,30,11.49
1920,22,8.43
1921,19,7.28
1922,25,9.58
1923,29,11.11
1924,15,5.75
1925,30,11.49
1926,34,13.03
1927,27,10.34
1928,19,7.28
1929,32,12.26
1930,17,6.51
1931,17,6.51
1932,21,8.05
1933,29,11.11
1934,19,7.28
1935,30,11.49
1936,17,6.51
1937,24,9.2
1938,15,5.75
1939,24,9.2
1940,33,12.64
1941,23,8.81
1942,21,8.05
1943,17,6.51
1944,32,12.26
1945,19,7.28
1946,28,10.73
1947,29,11.11
1948,26,9.96
1949,31,11.88
1950,17,6.51
1951,16,6.13
1952,21,8.05
1953,28,10.73
1954,28,10.73
1955,31,11.88
1956,17,6.51
1957,20,7.66
1958,18,6.9
1959,27,10.34
1960,19,7.28
1961,28,10.73
1962,21,8.05
1963,27,10.34
1964,32,12.26
1965,22,8.43
1966,29,11.11
1967,27,10.34
1968,24,9.2
1969,27,10.34
1970,28,10.73
1971,18,6.9
1972,18,6.9
1973,31,11.88
1974,32,12.26
1975,19,7.28
1976,15,5.75
1977,19,7.28
1978,21,8.05
1979,15,5.75
1980,31,11.88
1981,35,13.41
1982,24,9.2
1983,21,8.05
1984,32,12.26
1985,24,9.2
1986,28,10.73
1987,19,7.28
1988,25,9.58
1989,27,10.34
1990,28,10.73
1991,18,6.9
1992,28,10.73
1993,19,7.28
1994,19,7.28
1995,18,6.9
1996,16,6.13
1997,22,8.43
1998,28,10.73
1999,20,7.66
2000,21,8.05
2001,19,7.28
2002,32,12.26
2003,18,6.9
2004,25,9.58
2005,20,7.66
2006,20,7.66
2007,23,8.81
2008,17,6.51
2009,27,10.34
2010,28,10.73
2011,16,6.13
2012,21,8.05
2013,24,9.2
2014,27,10.34
2015,25,9.58
2016,18,6.9
2017,27,10.34
2018,22,8.43
2019,32,12.26
2020,22,8.43
2021,19,7.28
2022,29,11.11
2023,35,13.41
2024,30,11.49
2025,19,7.28
2026,32,12.26
2027,18,6.9
2028,30,11.49
2029,18,6.9
2030,22,8.43
2031,20,7.66
2032,24,9.2
2033,34,13.03
2034,22,8.43
2035,19,7.28
2036,21,8.05
2037,30,11.49
2038,22,8.43
2039,30,11.49
2040,17,6.51
2041,33,12.64
2042,15,5.75
2043,27,10.34
2044,20,7.66
2045,15,5.75
2046,30,11.49
2047,24,9.2
2048,18,6.9
2049,18,6.9
2050,23,8.81
2051,19,7.28
2052,30,11.49
2053,34,13.03
2054,33,12.64
2055,30,11.49
2056,29,11.11
2057,25,9.58
2058,26,9.96
2059,17,6.51
2060,24,9.2
2061,25,9.58
2062,21,8.05
2063,22,8.43
2064,20,7.66
2065,28,10.73
2066,24,9.2
2067,27,10.34
2068,34,13.03
2069,21,8.05
2070,18,6.9
2071,36,13.79
2072,28,10.73
2073,28,10.73
2074,32,12.26
2075,31,11.88
2076,16,6.13
2077,21,8.05
2078,29,11.11
2079,17,6.51
2080,28,10.73
2081,22,8.43
2082,21,8.05
2083,17,6.51
2084,33,12.64
2085,34,13.03
2086,31,11.88
2087,28,10.73
2088,17,6.51
2089,17,6.51
2090,21,8.05
2091,16,6.13
2092,21,8.05
2093,22,8.43
2094,22,8.43
2095,32,12.26
2096,21,8.05
2097,29,11.11
2098,29,11.11
2099,22,8.43
2100,29,11.11
2101,19,7.28
2102,27,10.34
2103,26,9.96
2104,19,7.28
2105,23,8.81
2106,23,8.81
2107,29,11.11
2108,17,6.51
2109,23,8.81
2110,19,7.28
2111,25,9.58
2112,29,11.11
2113,24,9.2
2114,33,12.64
2115,20,7.66
2116,24,9.2
2117,29,11.11
2118,19,7.28
2119,21,8.05
2120,31,11.88
2121,14,5.36
2122,20,7.66
2123,26,9.96
2124,33,12.64
2125,27,10.34
2126,16,6.13
2127,28,10.73
2128,22,8.43
2129,29,11.11
2130,24,9.2
2131,28,10.73
2132,18,6.9
2133,33,12.64
2134,18,6.9
2135,33,12.64
2136,29,11.11
2137,16,6.13
2138,16,6.13
2139,32,12.26
2140,19,7.28
2141,33,12.64
2142,29,11.11
2143,25,9.58
2144,25,9.58
2145,27,10.34
2146,35,13.41
2147,23,8.81
2148,27,10.34
2149,24,9.2
2150,25,9.58
2151,31,11.88
2152,25,9.58
2153,30,11.49
2154,18,6.9
2155,29,11.11
2156,19,7.28
2157,27,10.34
2158,23,8.81
2159,29,11.11
2160,17,6.51
2161,29,11.11
2162,16,6.13
2163,24,9.2
2164,16,6.13
2165,32,12.26
2166,24,9.2
2167,15,5.75
2168,30,11.49
2169,20,7.66
2170,29,11.11
2171,25,9.58
2172,21,8.05
2173,26,9.96
2174,14,5.36
2175,19,7.28
2176,25,9.58
2177,18,6.9
2178,36,13.79
2179,26,9.96
2180,25,9.58
2181,23,8.81
2182,31,11.88
2183,18,6.9
2184,34,13.03
2185,18,6.9
2186,31,11.88
2187,27,10.34
2188,18,6.9
2189,16,6.13
2190,23,8.81
2191,22,8.43
2192,27,10.34
2193,18,6.9
2194,18,6.9
2195,21,8.05
2196,20,7.66
2197,18,6.9
2198,28,10.73
2199,29,11.11
2200,17,6.51
2201,22,8.43
2202,25,9.58
2203,27,10.34
2204,14,5.36
2205,25,9.58
2206,27,10.34
2207,25,9.58
2208,27,10.34
2209,18,6.9
2210,31,11.88
2211,30,11.49
2212,32,12.26
2213,21,8.05
2214,34,13.03
2215,24,9.2
2216,17,6.51
2217,18,6.9
2218,33,12.64
2219,17,6.51
2220,22,8.43
2221,21,8.05
2222,25,9.58
2223,26,9.96
2224,15,5.75
2225,24,9.2
2226,25,9.58
2227,24,9.2
2228,17,6.51
2229,16,6.13
2230,16,6.13
2231,35,13.41
2232,20,7.66
2233,23,8.81
2234,31,11.88
2235,19,7.28
2236,32,12.26
2237,29,11.11
2238,14,5.36
2239,26,9.96
2240,18,6.9
2241,22,8.43
2242,25,9.58
2243,33,12.64
2244,31,11.88
2245,18,6.9
2246,18,6.9
2247,21,8.05
2248,29,11.11
2249,15,5.75
2250,24,9.2
2251,22,8.43
2252,27,10.34
2253,22,8.43
2254,16,6.13
2255,30,11.49
2256,33,12.64
2257,21,8.05
2258,32,12.26
2259,29,11.11
2260,30,11.49
2261,18,6.9
2262,30,11.49
2263,20,7.66
2264,25,9.58
2265,22,8.43
2266,29,11.11
2267,33,12.64
2268,36,13.79
2269,21,8.05
2270,32,12.26
2271,28,10.73
2272,34,13.03
2273,20,7.66
2274,19,7.28
2275,27,10.34
2276,25,9.58
2277,30,11.49
2278,18,6.9
2279,31,11.88
2280,30,11.49
2281,28,10.73
2282,25,9.58
2283,26,9.96
2284,31,11.88
2285,32,12.26
2286,17,6.51
2287,19,7.28
2288,31,11.88
2289,31,11.88
2290,26,9.96
2291,19,7.28
2292,26,9.96
2293,18,6.9
2294,20,7.66
2295,21,8.05
2296,20,7.66
2297,20,7.66
2298,33,12.64
2299,26,9.96
2300,21,8.05
2301,19,7.28
2302,25,9.58
2303,25,9.58
2304,20,7.66
2305,33,12.64
2306,27,10.34
2307,32,12.26
2308,15,5.75
2309,20,7.66
2310,21,8.05
2311,17,6.51
2312,33,12.64
2313,16,6.13
2314,24,9.2
2315,26,9.96
2316,25,9.58
2317,32,12.26
2318,18,6.9
2319,33,12.64
2320,18,6.9
2321,32,12.26
2322,34,13.03
2323,27,10.34
2324,20,7.66
2325,17,6.51
2326,17,6.51
2327,31,11.88
2328,33,12.64
2329,34,13.03
2330,35,13.41
2331,22,8.43
2332,17,6.51
2333,23,8.81
2334,27,10.34
2335,23,8.81
2336,24,9.2
2337,33,12.64
2338,23,8.81
2339,24,9.2
2340,34,13.03
2341,28,10.73
2342,20,7.66
2343,29,11.11
2344,35,13.41
2345,23,8.81
2346,25,9.58
2347,34,13.03
2348,33,12.64
2349,23,8.81
2350,19,7.28
2351,29,11.11
2352,26,9.96
2353,21,8.05
2354,30,11.49
2355,22,8.43
2356,19,7.28
2357,32,12.26
2358,13,4.98
2359,36,13.79
2360,17,6.51
2361,35,13.41
2362,29,11.11
2363,31,11.88
2364,25,9.58
2365,22,8.43
2366,32,12.26
2367,29,11.11
2368,35,13.41
2369,28,10.73
2370,31,11.88
2371,17,6.51
2372,26,9.96
2373,17,6.51
2374,18,6.9
2375,27,10.34
2376,31,11.88
2377,32,12.26
2378,32,12.26
2379,21,8.05
2380,14,5.36
2381,19,7.28
2382,18,6.9
2383,31,11.88
2384,16,6.13
2385,17,6.51
2386,18,6.9
2387,33,12.64
2388,32,12.26
2389,31,11.88
2390,26,9.96
2391,31,11.88
2392,25,9.58
2393,27,10.34
2394,22,8.43
2395,21,8.05
2396,22,8.43
2397,32,12.26
2398,28,10.73
2399,25,9.58
2400,18,6.9
2401,19,7.28
2402,33,12.64
2403,19,7.28
2404,19,7.28
2405,15,5.75
2406,26,9.96
2407,29,11.11
2408,20,7.66
2409,30,11.49
2410,18,6.9
2411,18,6.9
2412,19,7.28
2413,22,8.43
2414,32,12.26
2415,19,7.28
2416,27,10.34
2417,20,7.66
2418,32,12.26
2419,23,8.81
2420,32,12.26
2421,22,8.43
2422,29,11.11
2423,18,6.9
2424,27,10.34
2425,17,6.51
2426,27,10.34
2427,19,7.28
2428,25,9.58
2429,33,12.64
2430,26,9.96
2431,30,11.49
2432,31,11.88
2433,22,8.43
2434,24,9.2
2435,26,9.96
2436,32,12.26
2437,18,6.9
2438,33,12.64
2439,26,9.96
2440,26,9.96
2441,32,12.26
2442,14,5.36
2443,19,7.28
2444,30,11.49
2445,31,11.88
2446,34,13.03
2447,34,13.03
2448,20,7.66
2449,14,5.36
2450,17,6.51
2451,21,8.05
2452,19,7.28
2453,17,6.51
2454,22,8.43
2455,30,11.49
2456,16,6.13
2457,33,12.64
2458,22,8.43
2459,18,6.9
2460,16,6.13
2461,18,6.9
2462,32,12.26
2463,22,8.43
2464,17,6.51
2465,23,8.81
2466,23,8.81
2467,20,7.66
2468,16,6.13
2469,30,11.49
2470,32,12.26
2471,28,10.73
2472,35,13.41
2473,29,11.11
2474,24,9.2
2475,29,11.11
2476,28,10.73
2477,32,12.26
2478,20,7.66
2479,31,11.88
2480,21,8.05
2481,27,10.34
2482,29,11.11
2483,33,12.64
2484,28,10.73
2485,27,10.34
2486,17,6.51
2487,26,9.96
2488,28,10.73
2489,27,10.34
2490,26,9.96
2491,26,9.96
2492,29,11.11
2493,22,8.43
2494,20,7.66
2495,29,11.11
2496,26,9.96
2497,28,10.73
2498,22,8.43
2499,19,7.28
2500,23,8.81
2501,18,6.9
2502,32,12.26
2503,30,11.49
2504,21,8.05
2505,30,11.49
2506,30,11.49
2507,33,12.64
2508,21,8.05
2509,27,10.34
2510,23,8.81
2511,26,9.96
2512,17,6.51
2513,21,8.05
2514,17,6.51
2515,22,8.43
2516,26,9.96
2517,29,11.11
2518,35,13.41
2519,32,12.26
2520,18,6.9
2521,18,6.9
2522,24,9.2
2523,16,6.13
2524,32,12.26
2525,23,8.81
2526,15,5.75
2527,35,13.41
2528,20,7.66
2529,18,6.9
2530,16,6.13
2531,18,6.9
2532,32,12.26
2533,22,8.43
2534,27,10.34
2535,24,9.2
2536,27,10.34
2537,15,5.75
2538,28,10.73
2539,19,7.28
2540,33,12.64
2541,35,13.41
2542,24,9.2
2543,34,13.03
2544,32,12.26
2545,32,12.26
2546,21,8.05
2547,25,9.58
2548,30,11.49
2549,35,13.41
2550,20,7.66
2551,18,6.9
2552,19,7.28
2553,31,11.88
2554,18,6.9
2555,30,11.49
2556,19,7.28
2557,31,11.88
2558,19,7.28
2559,23,8.81
2560,30,11.49
2561,33,12.64
2562,20,7.66
2563,30,11.49
2564,18,6.9
2565,29,11.11
2566,30,11.49
2567,21,8.05
2568,25,9.58
2569,28,10.73
2570,31,11.88
2571,22,8.43
2572,17,6.51
2573,33,12.64
2574,18,6.9
2575,18,6.9
2576,23,8.81
2577,24,9.2
2578,17,6.51
2579,31,11.88
2580,16,6.13
2581,17,6.51
2582,22,8.43
2583,24,9.2
2584,29,11.11
2585,18,6.9
2586,23,8.81
2587,26,9.96
2588,26,9.96
2589,21,8.05
2590,23,8.81
2591,26,9.96
2592,29,11.11
2593,25,9.58
2594,32,12.26
2595,18,6.9
2596,21,8.05
2597,29,11.11
2598,21,8.05
2599,34,13.03
2600,29,11.11
2601,28,10.73
2602,22,8.43
2603,28,10.73
2604,27,10.34
2605,21,8.05
2606,30,11.49
2607,17,6.51
2608,25,9.58
2609,26,9.96
2610,32,12.26
2611,29,11.11
2612,31,11.88
2613,22,8.43
2614,24,9.2
2615,19,7.28
2616,18,6.9
2617,28,10.73
2618,32,12.26
2619,31,11.88
2620,19,7.28
2621,31,11.88
2622,31,11.88
2623,20,7.66
2624,25,9.58
2625,20,7.66
2626,31,11.88
2627,26,9.96
2628,26,9.96
2629,20,7.66
2630,20,7.66
2631,18,6.9
2632,24,9.2
2633,24,9.2
2634,28,10.73
2635,19,7.28
2636,18,6.9
2637,26,9.96
2638,24,9.2
2639,20,7.66
2640,18,6.9
2641,31,11.88
2642,21,8.05
2643,31,11.88
2644,19,7.28
2645,22,8.43
2646,29,11.11
2647,18,6.9
2648,15,5.75
2649,29,11.11
2650,35,13.41
2651,28,10.73
2652,32,12.26
2653,23,8.81
2654,27,10.34
2655,28,10.73
2656,25,9.58
2657,25,9.58
2658,25,9.58
2659,30,11.49
2660,19,7.28
2661,23,8.81
2662,24,9.2
2663,20,7.66
2664,17,6.51
2665,26,9.96
2666,21,8.05
2667,28,10.73
2668,28,10.73
2669,16,6.13
2670,31,11.88
2671,33,12.64
2672,23,8.81
2673,35,13.41
2674,27,10.34
2675,28,10.73
2676,26,9.96
2677,33,12.64
2678,17,6.51
2679,17,6.51
2680,22,8.43
2681,27,10.34
2682,30,11.49
2683,24,9.2
2684,33,12.64
2685,30,11.49
2686,30,11.49
2687,19,7.28
2688,24,9.2
2689,22,8.43
2690,27,10.34
2691,20,7.66
2692,34,13.03
2693,25,9.58
2694,29,11.11
2695,22,8.43
2696,29,11.11
2697,18,6.9
2698,32,12.26
2699,28,10.73
2700,17,6.51
2701,23,8.81
2702,23,8.81
2703,26,9.96
2704,33,12.64
2705,17,6.51
2706,30,11.49
2707,16,6.13
2708,20,7.66
2709,18,6.9
2710,27,10.34
2711,23,8.81
2712,24,9.2
2713,23,8.81
2714,23,8.81
2715,19,7.28
2716,23,8.81
2717,19,7.28
2718,17,6.51
2719,22,8.43
2720,25,9.58
2721,31,11.88
2722,26,9.96
2723,23,8.81
2724,22,8.43
2725,19,7.28
2726,30,11.49
2727,18,6.9
2728,22,8.43
2729,26,9.96
2730,31,11.88
2731,30,11.49
2732,23,8.81
2733,27,10.34
2734,20,7.66
2735,24,9.2
2736,27,10.34
2737,21,8.05
2738,16,6.13
2739,31,11.88
2740,16,6.13
2741,34,13.03
2742,27,10.34
2743,27,10.34
2744,33,12.64
2745,16,6.13
2746,21,8.05
2747,23,8.81
2748,31,11.88
2749,21,8.05
2750,23,8.81
2751,28,10.73
2752,21,8.05
2753,25,9.58
2754,19,7.28
2755,22,8.43
2756,26,9.96
2757,25,9.58
2758,18,6.9
2759,34,13.03
2760,32,12.26
2761,33,12.64
2762,28,10.73
2763,30,11.49
2764,29,11.11
2765,33,12.64
2766,21,8.05
2767,34,13.03
2768,24,9.2
2769,19,7.28
2770,19,7.28
2771,19,7.28
2772,26,9.96
2773,21,8.05
2774,14,5.36
2775,28,10.73
2776,17,6.51
2777,26,9.96
2778,25,9.58
2779,24,9.2
2780,31,11.88
2781,17,6.51
2782,21,8.05
2783,16,6.13
2784,32,12.26
2785,28,10.73
2786,18,6.9
2787,28,10.73
2788,26,9.96
2789,14,5.36
2790,23,8.81
2791,31,11.88
2792,31,11.88
2793,19,7.28
2794,29,11.11
2795,28,10.73
2796,30,11.49
2797,34,13.03
2798,32,12.26
2799,32,12.26
2800,16,6.13
2801,29,11.11
2802,17,6.51
2803,24,9.2
2804,30,11.49
2805,25,9.58
2806,25,9.58
2807,28,10.73
2808,33,12.64
2809,23,8.81
2810,22,8.43
2811,30,11.49
2812,26,9.96
2813,16,6.13
2814,32,12.26
2815,21,8.05
2816,18,6.9
2817,27,10.34
2818,16,6.13
2819,23,8.81
2820,25,9.58
2821,20,7.66
2822,32,12.26
2823,19,7.28
2824,27,10.34
2825,32,12.26
2826,18,6.9
2827,30,11.49
2828,31,11.88
2829,27,10.34
2830,26,9.96
2831,26,9.96
2832,23,8.81
2833,25,9.58
2834,26,9.96
2835,26,9.96
2836,19,7.28
2837,18,6.9
2838,21,8.05
2839,33,12.64
2840,21,8.05
2841,32,12.26
2842,33,12.64
2843,19,7.28
2844,31,11.88
2845,28,10.73
2846,26,9.96
2847,16,6.13
2848,18,6.9
2849,29,11.11
2850,22,8.43
2851,18,6.9
2852,33,12.64
2853,22,8.43
2854,32,12.26
2855,25,9.58
2856,19,7.28
2857,19,7.28
2858,19,7.28
2859,19,7.28
2860,21,8.05
2861,30,11.49
2862,23,8.81
2863,20,7.66
2864,31,11.88
2865,26,9.96
2866,32,12.26
2867,26,9.96
2868,21,8.05
2869,31,11.88
2870,19,7.28
2871,23,8.81
2872,18,6.9
2873,35,13.41
2874,16,6.13
2875,23,8.81
2876,30,11.49
2877,24,9.2
2878,24,9.2
2879,29,11.11
2880,22,8.43
2881,36,13.79
2882,27,10.34
2883,22,8.43
2884,16,6.13
2885,24,9.2
2886,16,6.13
2887,31,11.88
2888,23,8.81
2889,31,11.88
2890,30,11.49
2891,27,10.34
2892,25,9.58
2893,17,6.51
2894,26,9.96
2895,33,12.64
2896,22,8.43
2897,23,8.81
2898,25,9.58
2899,22,8.43
2900,23,8.81
2901,16,6.13
2902,22,8.43
2903,23,8.81
2904,22,8.43
2905,29,11.11
2906,29,11.11
2907,18,6.9
2908,25,9.58
2909,32,12.26
2910,21,8.05
2911,24,9.2
2912,20,7.66
2913,29,11.11
2914,28,10.73
2915,26,9.96
2916,17,6.51
2917,31,11.88
2918,23,8.81
2919,20,7.66
2920,31,11.88
2921,20,7.66
2922,27,10.34
2923,21,8.05
2924,25,9.58
2925,24,9.2
2926,23,8.81
2927,29,11.11
2928,18,6.9
2929,35,13.41
2930,17,6.51
2931,16,6.13
2932,27,10.34
2933,28,10.73
2934,30,11.49
2935,18,6.9
2936,32,12.26
2937,35,13.41
2938,20,7.66
2939,18,6.9
2940,17,6.51
2941,30,11.49
2942,24,9.2
2943,23,8.81
2944,29,11.11
2945,25,9.58
2946,23,8.81
2947,25,9.58
2948,33,12.64
2949,18,6.9
2950,19,7.28
2951,18,6.9
2952,25,9.58
2953,21,8.05
2954,17,6.51
2955,35,13.41
2956,23,8.81
2957,29,11.11
2958,15,5.75
2959,27,10.34
2960,15,5.75
2961,24,9.2
2962,32,12.26
2963,33,12.64
2964,34,13.03
2965,34,13.03
2966,32,12.26
2967,19,7.28
2968,32,12.26
2969,28,10.73
2970,25,9.58
2971,17,6.51
2972,27,10.34
2973,30,11.49
2974,24,9.2
2975,19,7.28
2976,27,10.34
2977,24,9.2
2978,33,12.64
2979,30,11.49
2980,20,7.66
2981,26,9.96
2982,23,8.81
2983,23,8.81
2984,24,9.2
2985,24,9.2
2986,20,7.66
2987,15,5.75
2988,30,11.49
2989,23,8.81
2990,35,13.41
2991,19,7.28
2992,27,10.34
2993,21,8.05
2994,28,10.73
2995,20,7.66
2996,20,7.66
2997,22,8.43
2998,30,11.49
2999,24,9.2
3000,31,11.88
3001,17,6.51
3002,22,8.43
3003,20,7.66
3004,26,9.96
3005,30,11.49
3006,21,8.05
3007,36,13.79
3008,23,8.81
3009,28,10.73
3010,26,9.96
3011,28,10.73
3012,22,8.43
3013,31,11.88
3014,27,10.34
3015,20,7.66
3016,34,13.03
3017,29,11.11
3018,17,6.51
3019,24,9.2
3020,17,6.51
3021,21,8.05
3022,27,10.34
3023,23,8.81
3024,24,9.2
3025,16,6.13
3026,26,9.96
3027,30,11.49
3028,22,8.43
3029,23,8.81
3030,21,8.05
3031,31,11.88
3032,25,9.58
3033,22,8.43
3034,30,11.49
3035,31,11.88
3036,22,8.43
3037,30,11.49
3038,21,8.05
3039,18,6.9
3040,26,9.96
3041,34,13.03
3042,31,11.88
3043,34,13.03
3044,21,8.05
3045,23,8.81
3046,21,8.05
3047,31,11.88
3048,22,8.43
3049,25,9.58
3050,21,8.05
3051,25,9.58
3052,13,4.98
3053,18,6.9
3054,16,6.13
3055,16,6.13
3056,27,10.34
3057,26,9.96
3058,22,8.43
3059,27,10.34
3060,17,6.51
3061,29,11.11
3062,18,6.9
3063,14,5.36
3064,35,13.41
3065,30,11.49
3066,20,7.66
3067,26,9.96
3068,27,10.34
3069,28,10.73
3070,26,9.96
3071,15,5.75
3072,18,6.9
3073,26,9.96
3074,27,10.34
3075,32,12.26
3076,26,9.96
3077,35,13.41
3078,17,6.51
3079,28,10.73
3080,31,11.88
3081,19,7.28
3082,21,8.05
3083,16,6.13
3084,34,13.03
3085,24,9.2
3086,25,9.58
3087,26,9.96
3088,24,9.2
3089,28,10.73
3090,19,7.28
3091,21,8.05
3092,19,7.28
3093,17,6.51
3094,25,9.58
3095,25,9.58
3096,28,10.73
3097,20,7.66
3098,29,11.11
3099,27,10.34
3100,29,11.11
3101,32,12.26
3102,19,7.28
3103,28,10.73
3104,33,12.64
3105,25,9.58
3106,21,8.05
3107,33,12.64
3108,31,11.88
3109,32,12.26
3110,21,8.05
3111,21,8.05
3112,30,11.49
3113,22,8.43
3114,25,9.58
3115,31,11.88
3116,19,7.28
3117,30,11.49
3118,20,7.66
3119,22,8.43
3120,23,8.81
3121,24,9.2
3122,24,9.2
3123,27,10.34
3124,33,12.64
3125,22,8.43
3126,28,10.73
3127,24,9.2
3128,32,12.26
3129,22,8.43
3130,22,8.43
3131,28,10.73
3132,22,8.43
3133,16,6.13
3134,30,11.49
3135,30,11.49
3136,24,9.2
3137,30,11.49
3138,32,12.26
3139,20,7.66
3140,26,9.96
3141,33,12.64
3142,32,12.26
3143,25,9.58
3144,32,12.26
3145,19,7.28
3146,29,11.11
3147,27,10.34
3148,28,10.73
3149,16,6.13
3150,25,9.58
3151,24,9.2
3152,21,8.05
3153,33,12.64
3154,28,10.73
3155,20,7.66
3156,14,5.36
3157,19,7.28
3158,21,8.05
3159,33,12.64
3160,24,9.2
3161,30,11.49
3162,24,9.2
3163,19,7.28
3164,17,6.51
3165,26,9.96
3166,27,10.34
3167,24,9.2
3168,21,8.05
3169,17,6.51
3170,22,8.43
3171,33,12.64
3172,24,9.2
3173,19,7.28
3174,23,8.81
3175,24,9.2
3176,20,7.66
3177,23,8.81
3178,31,11.88
3179,21,8.05
3180,19,7.28
3181,32,12.26
3182,22,8.43
3183,18,6.9
3184,24,9.2
3185,19,7.28
3186,17,6.51
3187,31,11.88
3188,30,11.49
3189,28,10.73
3190,20,7.66
3191,28,10.73
3192,34,13.03
3193,31,11.88
3194,22,8.43
3195,18,6.9
3196,17,6.51
3197,30,11.49
3198,32,12.26
3199,32,12.26
3200,25,9.58
3201,29,11.11
3202,27,10.34
3203,32,12.26
3204,25,9.58
3205,23,8.81
3206,25,9.58
3207,31,11.88
3208,33,12.64
3209,24,9.2
3210,29,11.11
3211,23,8.81
3212,33,12.64
3213,29,11.11
3214,33,12.64
3215,17,6.51
3216,18,6.9
3217,27,10.34
3218,23,8.81
3219,30,11.49
3220,33,12.64
3221,25,9.58
3222,28,10.73
3223,19,7.28
3224,23,8.81
3225,21,8.05
3226,29,11.11
3227,17,6.51
3228,19,7.28
3229,20,7.66
3230,27,10.34
3231,32,12.26
3232,31,11.88
3233,32,12.26
3234,32,12.26
3235,19,7.28
3236,18,6.9
3237,31,11.88
3238,20,7.66
3239,25,9.58
3240,30,11.49
3241,26,9.96
3242,16,6.13
3243,24,9.2
3244,27,10.34
3245,22,8.43
3246,18,6.9
3247,29,11.11
3248,18,6.9
3249,29,11.11
3250,21,8.05
3251,27,10.34
3252,30,11.49
3253,18,6.9
3254,33,12.64
3255,31,11.88
3256,32,12.26
3257,23,8.81
3258,32,12.26
3259,26,9.96
3260,20,7.66
3261,24,9.2
3262,20,7.66
3263,26,9.96
3264,22,8.43
3265,27,10.34
3266,29,11.11
3267,29,11.11
3268,17,6.51
3269,23,8.81
3270,26,9.96
3271,32,12.26
3272,27,10.34
3273,30,11.49
3274,18,6.9
3275,23,8.81
3276,22,8.43
3277,31,11.88
3278,29,11.11
3279,32,12.26
3280,21,8.05
3281,20,7.66
3282,17,6.51
3283,25,9.58
3284,24,9.2
3285,22,8.43
3286,20,7.66
3287,27,10.34
3288,23,8.81
3289,19,7.28
3290,33,12.64
3291,34,13.03
3292,18,6.9
3293,29,11.11
3294,30,11.49
3295,30,11.49
3296,29,11.11
3297,30,11.49
3298,29,11.11
3299,24,9.2
3300,26,9.96
3301,24,9.2
3302,26,9.96
3303,31,11.88
3304,27,10.34
3305,20,7.66
3306,32,12.26
3307,14,5.36
3308,21,8.05
3309,35,13.41
3310,25,9.58
3311,27,10.34
3312,33,12.64
3313,17,6.51
3314,14,5.36
3315,20,7.66
3316,23,8.81
3317,16,6.13
3318,23,8.81
3319,18,6.9
3320,25,9.58
3321,33,12.64
3322,29,11.11
3323,32,12.26
3324,17,6.51
3325,23,8.81
3326,32,12.26
3327,28,10.73
3328,26,9.96
3329,29,11.11
3330,25,9.58
3331,18,6.9
3332,22,8.43
3333,32,12.26
3334,20,7.66
3335,20,7.66
3336,21,8.05
3337,30,11.49
3338,23,8.81
3339,15,5.75
3340,19,7.28
3341,32,12.26
3342,31,11.88
3343,18,6.9
3344,29,11.11
3345,28,10.73
3346,20,7.66
3347,14,5.36
3348,18,6.9
3349,30,11.49
3350,27,10.34
3351,24,9.2
3352,27,10.34
3353,26,9.96
3354,16,6.13
3355,35,13.41
3356,25,9.58
3357,24,9.2
3358,20,7.66
3359,22,8.43
3360,19,7.28
3361,23,8.81
3362,28,10.73
3363,31,11.88
3364,30,11.49
3365,18,6.9
3366,20,7.66
3367,30,11.49
3368,16,6.13
3369,19,7.28
3370,19,7.28
3371,17,6.51
3372,24,9.2
3373,33,12.64
3374,21,8.05
3375,21,8.05
3376,18,6.9
3377,19,7.28
3378,28,10.73
3379,27,10.34
3380,18,6.9
3381,32,12.26
3382,35,13.41
3383,31,11.88
3384,23,8.81
3385,30,11.49
3386,28,10.73
3387,24,9.2
3388,31,11.88
3389,21,8.05
3390,16,6.13
3391,33,12.64
3392,16,6.13
3393,28,10.73
3394,22,8.43
3395,32,12.26
3396,17,6.51
3397,20,7.66
3398,24,9.2
3399,18,6.9
3400,18,6.9
3401,19,7.28
3402,20,7.66
3403,27,10.34
3404,28,10.73
3405,28,10.73
3406,19,7.28
3407,30,11.49
3408,22,8.43
3409,20,7.66
3410,24,9.2
3411,34,13.03
3412,30,11.49
3413,25,9.58
3414,29,11.11
3415,17,6.51
3416,19,7.28
3417,19,7.28
3418,18,6.9
3419,35,13.41
3420,26,9.96
3421,32,12.26
3422,33,12.64
3423,22,8.43
3424,29,11.11
3425,25,9.58
3426,27,10.34
3427,31,11.88
3428,26,9.96
3429,25,9.58
3430,26,9.96
3431,22,8.43
3432,26,9.96
3433,15,5.75
3434,26,9.96
3435,17,6.51
3436,18,6.9
3437,22,8.43
3438,21,8.05
3439,19,7.28
3440,27,10.34
3441,29,11.11
3442,26,9.96
3443,19,7.28
3444,29,11.11
3445,22,8.43
3446,26,9.96
3447,31,11.88
3448,33,12.64
3449,22,8.43
3450,17,6.51
3451,18,6.9
3452,27,10.34
3453,19,7.28
3454,21,8.05
3455,25,9.58
3456,29,11.11
3457,26,9.96
3458,32,12.26
3459,29,11.11
3460,23,8.81
3461,20,7.66
3462,31,11.88
3463,28,10.73
3464,31,11.88
3465,20,7.66
3466,20,7.66
3467,32,12.26
3468,20,7.66
3469,25,9.58
3470,28,10.73
3471,24,9.2
3472,18,6.9
3473,23,8.81
3474,22,8.43
3475,20,7.66
3476,24,9.2
3477,33,12.64
3478,24,9.2
3479,20,7.66
3480,25,9.58
3481,15,5.75
3482,26,9.96
3483,28,10.73
3484,26,9.96
3485,18,6.9
3486,21,8.05
3487,27,10.34
3488,32,12.26
3489,32,12.26
3490,19,7.28
3491,35,13.41
3492,34,13.03
3493,31,11.88
3494,27,10.34
3495,32,12.26
3496,24,9.2
3497,31,11.88
3498,14,5.36
3499,32,12.26
3500,24,9.2
3501,32,12.26
3502,24,9.2
3503,34,13.03
3504,23,8.81
3505,26,9.96
3506,28,10.73
3507,34,13.03
3508,17,6.51
3509,27,10.34
3510,22,8.43
3511,20,7.66
3512,20,7.66
3513,26,9.96
3514,30,11.49
3515,32,12.26
3516,22,8.43
3517,28,10.73
3518,29,11.11
3519,23,8.81
3520,26,9.96
3521,32,12.26
3522,32,12.26
3523,34,13.03
3524,27,10.34
3525,16,6.13
3526,28,10.73
3527,26,9.96
3528,15,5.75
3529,27,10.34
3530,23,8.81
3531,21,8.05
3532,29,11.11
3533,21,8.05
3534,24,9.2
3535,31,11.88
3536,29,11.11
3537,25,9.58
3538,32,12.26
3539,29,11.11
3540,14,5.36
3541,20,7.66
3542,20,7.66
3543,16,6.13
3544,29,11.11
3545,27,10.34
3546,15,5.75
3547,17,6.51
3548,18,6.9
3549,26,9.96
3550,27,10.34
3551,26,9.96
3552,21,8.05
3553,16,6.13
3554,25,9.58
3555,34,13.03
3556,23,8.81
3557,26,9.96
3558,16,6.13
3559,32,12.26
3560,24,9.2
3561,17,6.51
3562,16,6.13
3563,18,6.9
3564,33,12.64
3565,22,8.43
3566,33,12.64
3567,31,11.88
3568,18,6.9
3569,26,9.96
3570,22,8.43
3571,20,7.66
3572,25,9.58
3573,19,7.28
3574,18,6.9
3575,23,8.81
3576,29,11.11
3577,18,6.9
3578,24,9.2
3579,35,13.41
3580,32,12.26
3581,30,11.49
3582,31,11.88
3583,32,12.26
3584,30,11.49
3585,22,8.43
3586,27,10.34
3587,18,6.9
3588,22,8.43
3589,24,9.2
3590,33,12.64
3591,19,7.28
3592,22,8.43
3593,20,7.66
3594,16,6.13
3595,25,9.58
3596,29,11.11
3597,25,9.58
3598,21,8.05
3599,30,11.49
3600,19,7.28
3601,25,9.58
3602,22,8.43
3603,24,9.2
3604,28,10.73
3605,28,10.73
3606,16,6.13
3607,28,10.73
3608,30,11.49
3609,30,11.49
3610,26,9.96
3611,27,10.34
3612,24,9.2
3613,33,12.64
3614,27,10.34
3615,20,7.66
3616,24,9.2
3617,24,9.2
3618,34,13.03
3619,25,9.58
3620,31,11.88
3621,34,13.03
3622,26,9.96
3623,19,7.28
3624,29,11.11
3625,27,10.34
3626,23,8.81
3627,24,9.2
3628,14,5.36
3629,28,10.73
3630,28,10.73
3631,26,9.96
3632,35,13.41
3633,30,11.49
3634,16,6.13
3635,31,11.88
3636,29,11.11
3637,26,9.96
3638,23,8.81
3639,32,12.26
3640,23,8.81
3641,29,11.11
3642,30,11.49
3643,20,7.66
3644,15,5.75
3645,15,5.75
3646,17,6.51
3647,33,12.64
3648,18,6.9
3649,26,9.96
3650,20,7.66
3651,34,13.03
3652,30,11.49
3653,27,10.34
3654,22,8.43
3655,18,6.9
3656,18,6.9
3657,22,8.43
3658,22,8.43
3659,29,11.11
3660,29,11.11
3661,28,10.73
3662,23,8.81
3663,18,6.9
3664,19,7.28
3665,22,8.43
3666,23,8.81
3667,35,13.41
3668,13,4.98
3669,28,10.73
3670,34,13.03
3671,13,4.98
3672,20,7.66
3673,32,12.26
3674,14,5.36
3675,32,12.26
3676,21,8.05
3677,29,11.11
3678,20,7.66
3679,19,7.28
3680,22,8.43
3681,21,8.05
3682,33,12.64
3683,31,11.88
3684,27,10.34
3685,26,9.96
3686,24,9.2
3687,23,8.81
3688,25,9.58
3689,34,13.03
3690,23,8.81
3691,23,8.81
3692,31,11.88
3693,25,9.58
3694,25,9.58
3695,27,10.34
3696,18,6.9
3697,31,11.88
3698,18,6.9
3699,26,9.96
3700,19,7.28
3701,35,13.41
3702,17,6.51
3703,17,6.51
3704,26,9.96
3705,27,10.34
3706,28,10.73
3707,23,8.81
3708,22,8.43
3709,34,13.03
3710,31,11.88
3711,26,9.96
3712,20,7.66
3713,28,10.73
3714,23,8.81
3715,21,8.05
3716,32,12.26
3717,29,11.11
3718,27,10.34
3719,17,6.51
3720,27,10.34
3721,17,6.51
3722,17,6.51
3723,22,8.43
3724,32,12.26
3725,35,13.41
3726,30,11.49
3727,33,12.64
3728,24,9.2
3729,29,11.11
3730,33,12.64
3731,30,11.49
3732,33,12.64
3733,22,8.43
3734,29,11.11
3735,29,11.11
3736,21,8.05
3737,25,9.58
3738,35,13.41
3739,28,10.73
3740,18,6.9
3741,20,7.66
3742,19,7.28
3743,22,8.43
3744,19,7.28
3745,29,11.11
3746,27,10.34
3747,34,13.03
3748,25,9.58
3749,28,10.73
3750,22,8.43
3751,32,12.26
3752,32,12.26
3753,18,6.9
3754,34,13.03
3755,29,11.11
3756,32,12.26
3757,22,8.43
3758,34,13.03
3759,18,6.9
3760,26,9.96
3761,21,8.05
3762,34,13.03
3763,29,11.11
3764,26,9.96
3765,34,13.03
3766,25,9.58
3767,15,5.75
3768,23,8.81
3769,13,4.98
3770,16,6.13
3771,20,7.66
3772,24,9.2
3773,30,11.49
3774,30,11.49
3775,18,6.9
3776,18,6.9
3777,34,13.03
3778,18,6.9
3779,25,9.58
3780,22,8.43
3781,33,12.64
3782,26,9.96
3783,20,7.66
3784,19,7.28
3785,15,5.75
3786,17,6.51
3787,30,11.49
3788,32,12.26
3789,33,12.64
3790,26,9.96
3791,23,8.81
3792,34,13.03
3793,16,6.13
3794,20,7.66
3795,17,6.51
3796,24,9.2
3797,24,9.2
3798,31,11.88
3799,18,6.9
3800,20,7.66
3801,35,13.41
3802,18,6.9
3803,19,7.28
3804,23,8.81
3805,33,12.64
3806,31,11.88
3807,17,6.51
3808,26,9.96
3809,20,7.66
3810,18,6.9
3811,23,8.81
3812,34,13.03
3813,31,11.88
3814,18,6.9
3815,27,10.34
3816,32,12.26
3817,22,8.43
3818,26,9.96
3819,25,9.58
3820,29,11.11
3821,16,6.13
3822,34,13.03
3823,16,6.13
3824,30,11.49
3825,20,7.66
3826,32,12.26
3827,30,11.49
3828,27,10.34
3829,30,11.49
3830,23,8.81
3831,29,11.11
3832,23,8.81
3833,25,9.58
3834,24,9.2
3835,16,6.13
3836,26,9.96
3837,31,11.88
3838,25,9.58
3839,24,9.2
3840,28,10.73
3841,17,6.51
3842,16,6.13
3843,29,11.11
3844,24,9.2
3845,25,9.58
3846,31,11.88
3847,27,10.34
3848,15,5.75
3849,25,9.58
3850,20,7.66
3851,17,6.51
3852,20,7.66
3853,29,11.11
3854,23,8.81
3855,32,12.26
3856,28,10.73
3857,28,10.73
3858,33,12.64
3859,26,9.96
3860,15,5.75
3861,26,9.96
3862,18,6.9
3863,30,11.49
3864,16,6.13
3865,29,11.11
3866,27,10.34
3867,27,10.34
3868,19,7.28
3869,19,7.28
3870,21,8.05
3871,31,11.88
3872,18,6.9
3873,21,8.05
3874,27,10.34
3875,30,11.49
3876,25,9.58
3877,20,7.66
3878,28,10.73
3879,14,5.36
3880,29,11.11
3881,14,5.36
3882,21,8.05
3883,26,9.96
3884,20,7.66
3885,32,12.26
3886,29,11.11
3887,20,7.66
3888,17,6.51
3889,20,7.66
3890,29,11.11
3891,16,6.13
3892,21,8.05
3893,23,8.81
3894,27,10.34
3895,22,8.43
3896,23,8.81
3897,19,7.28
3898,20,7.66
3899,26,9.96
3900,16,6.13
3901,28,10.73
3902,31,11.88
3903,27,10.34
3904,34,13.03
3905,25,9.58
3906,21,8.05
3907,22,8.43
3908,25,9.58
3909,18,6.9
3910,31,11.88
3911,28,10.73
3912,22,8.43
3913,20,7.66
3914,29,11.11
3915,21,8.05
3916,31,11.88
3917,25,9.58
3918,30,11.49
3919,14,5.36
3920,32,12.26
3921,30,11.49
3922,30,11.49
3923,21,8.05
3924,17,6.51
3925,32,12.26
3926,33,12.64
3927,33,12.64
3928,20,7.66
3929,33,12.64
3930,16,6.13
3931,33,12.64
3932,19,7.28
3933,32,12.26
3934,29,11.11
3935,17,6.51
3936,22,8.43
3937,22,8.43
3938,23,8.81
3939,22,8.43
3940,30,11.49
3941,21,8.05
3942,25,9.58
3943,30,11.49
3944,17,6.51
3945,23,8.81
3946,22,8.43
3947,31,11.88
3948,17,6.51
3949,19,7.28
3950,20,7.66
3951,16,6.13
3952,17,6.51
3953,21,8.05
3954,31,11.88
3955,24,9.2
3956,19,7.28
3957,35,13.41
3958,25,9.58
3959,27,10.34
3960,30,11.49
3961,19,7.28
3962,18,6.9
3963,35,13.41
3964,22,8.43
3965,18,6.9
3966,17,6.51
3967,29,11.11
3968,26,9.96
3969,33,12.64
3970,20,7.66
3971,17,6.51
3972,23,8.81
3973,32,12.26
3974,28,10.73
3975,22,8.43
3976,27,10.34
3977,23,8.81
3978,22,8.43
3979,20,7.66
3980,16,6.13
3981,33,12.64
3982,29,11.11
3983,20,7.66
3984,29,11.11
3985,26,9.96
3986,27,10.34
3987,23,8.81
3988,24,9.2
3989,30,11.49
3990,24,9.2
3991,30,11.49
3992,26,9.96
3993,23,8.81
3994,33,12.64
3995,30,11.49
3996,23,8.81
3997,22,8.43
3998,24,9.2
3999,25,9.58
4000,21,8.05
4001,28,10.73
4002,28,10.73
4003,22,8.43
4004,27,10.34
4005,19,7.28
4006,33,12.64
4007,20,7.66
4008,19,7.28
4009,24,9.2
4010,28,10.73
4011,26,9.96
4012,22,8.43
4013,20,7.66
4014,18,6.9
4015,30,11.49
4016,21,8.05
4017,25,9.58
4018,23,8.81
4019,20,7.66
4020,31,11.88
4021,26,9.96
4022,27,10.34
4023,27,10.34
4024,32,12.26
4025,23,8.81
4026,19,7.28
4027,15,5.75
4028,20,7.66
4029,15,5.75
4030,29,11.11
4031,21,8.05
4032,24,9.2
4033,24,9.2
4034,29,11.11
4035,25,9.58
4036,28,10.73
4037,29,11.11
4038,19,7.28
4039,23,8.81
4040,25,9.58
4041,33,12.64
4042,16,6.13
4043,29,11.11
4044,22,8.43
4045,31,11.88
4046,33,12.64
4047,15,5.75
4048,25,9.58
4049,20,7.66
4050,28,10.73
4051,22,8.43
4052,31,11.88
4053,26,9.96
4054,21,8.05
4055,30,11.49
4056,13,4.98
4057,19,7.28
4058,26,9.96
4059,18,6.9
4060,35,13.41
4061,26,9.96
4062,34,13.03
4063,21,8.05
4064,30,11.49
4065,27,10.34
4066,27,10.34
4067,32,12.26
4068,19,7.28
4069,22,8.43
4070,17,6.51
4071,18,6.9
4072,25,9.58
4073,18,6.9
4074,24,9.2
4075,32,12.26
4076,24,9.2
4077,20,7.66
4078,29,11.11
4079,21,8.05
4080,31,11.88
4081,18,6.9
4082,19,7.28
4083,25,9.58
4084,19,7.28
4085,25,9.58
4086,21,8.05
4087,31,11.88
4088,26,9.96
4089,15,5.75
4090,35,13.41
4091,21,8.05
4092,19,7.28
4093,22,8.43
4094,26,9.96
4095,26,9.96
4096,26,9.96
4097,21,8.05
4098,21,8.05
4099,16,6.13
4100,26,9.96
4101,26,9.96
4102,18,6.9
4103,32,12.26
4104,19,7.28
4105,23,8.81
4106,32,12.26
4107,22,8.43
4108,32,12.26
4109,32,12.26
4110,22,8.43
4111,26,9.96
4112,25,9.58
4113,19,7.28
4114,23,8.81
4115,28,10.73
4116,19,7.28
4117,24,9.2
4118,25,9.58
4119,25,9.58
4120,22,8.43
4121,16,6.13
4122,27,10.34
4123,18,6.9
4124,29,11.11
4125,14,5.36
4126,24,9.2
4127,21,8.05
4128,21,8.05
4129,17,6.51
4130,27,10.34
4131,33,12.64
4132,25,9.58
4133,20,7.66
4134,26,9.96
4135,20,7.66
4136,27,10.34
4137,26,9.96
4138,29,11.11
4139,23,8.81
4140,30,11.49
4141,32,12.26
4142,29,11.11
4143,33,12.64
4144,20,7.66
4145,18,6.9
4146,17,6.51
4147,31,11.88
4148,21,8.05
4149,29,11.11
4150,30,11.49
4151,21,8.05
4152,35,13.41
4153,27,10.34
4154,22,8.43
4155,24,9.2
4156,17,6.51
4157,32,12.26
4158,20,7.66
4159,26,9.96
4160,28,10.73
4161,31,11.88
4162,27,10.34
4163,29,11.11
4164,13,4.98
4165,25,9.58
4166,30,11.49
4167,32,12.26
4168,27,10.34
4169,22,8.43
4170,30,11.49
4171,25,9.58
4172,14,5.36
4173,29,11.11
4174,27,10.34
4175,21,8.05
4176,33,12.64
4177,23,8.81
4178,16,6.13
4179,27,10.34
4180,32,12.26
4181,18,6.9
4182,21,8.05
4183,26,9.96
4184,20,7.66
4185,22,8.43
4186,20,7.66
4187,16,6.13
4188,27,10.34
4189,32,12.26
4190,28,10.73
4191,24,9.2
4192,22,8.43
4193,20,7.66
4194,22,8.43
4195,30,11.49
4196,33,12.64
4197,29,11.11
4198,23,8.81
4199,20,7.66
4200,34,13.03
4201,25,9.58
4202,20,7.66
4203,26,9.96
4204,29,11.11
4205,22,8.43
4206,25,9.58
4207,28,10.73
4208,22,8.43
4209,27,10.34
4210,30,11.49
4211,26,9.96
4212,32,12.26
4213,30,11.49
4214,22,8.43
4215,20,7.66
4216,17,6.51
4217,32,12.26
4218,21,8.05
4219,29,11.11
4220,31,11.88
4221,34,13.03
4222,15,5.75
4223,22,8.43
4224,17,6.51
4225,35,13.41
4226,20,7.66
4227,25,9.58
4228,31,11.88
4229,24,9.2
4230,23,8.81
4231,30,11.49
4232,17,6.51
4233,22,8.43
4234,25,9.58
4235,29,11.11
4236,23,8.81
4237,22,8.43
4238,19,7.28
4239,30,11.49
4240,18,6.9
4241,21,8.05
4242,34,13.03
4243,18,6.9
4244,24,9.2
4245,22,8.43
4246,16,6.13
4247,22,8.43
4248,31,11.88
4249,22,8.43
4250,25,9.58
4251,21,8.05
4252,33,12.64
4253,18,6.9
4254,28,10.73
4255,20,7.66
4256,27,10.34
4257,20,7.66
4258,28,10.73
4259,17,6.51
4260,19,7.28
4261,32,12.26
4262,21,8.05
4263,30,11.49
4264,26,9.96
4265,22,8.43
4266,30,11.49
4267,31,11.88
4268,28,10.73
4269,30,11.49
4270,26,9.96
4271,17,6.51
4272,23,8.81
4273,24,9.2
4274,22,8.43
4275,17,6.51
4276,18,6.9
4277,19,7.28
4278,17,6.51
4279,24,9.2
4280,20,7.66
4281,33,12.64
4282,17,6.51
4283,24,9.2
4284,27,10.34
4285,33,12.64
4286,33,12.64
4287,19,7.28
4288,27,10.34
4289,28,10.73
4290,20,7.66
4291,28,10.73
4292,25,9.58
4293,31,11.88
4294,18,6.9
4295,18,6.9
4296,19,7.28
4297,32,12.26
4298,21,8.05
4299,30,11.49
4300,21,8.05
4301,21,8.05
4302,35,13.41
4303,24,9.2
4304,22,8.43
4305,26,9.96
4306,27,10.34
4307,16,6.13
4308,31,11.88
4309,31,11.88
4310,21,8.05
4311,23,8.81
4312,23,8.81
4313,31,11.88
4314,24,9.2
4315,29,11.11
4316,23,8.81
4317,13,4.98
4318,21,8.05
4319,26,9.96
4320,25,9.58
4321,34,13.03
4322,30,11.49
4323,23,8.81
4324,24,9.2
4325,24,9.2
4326,28,10.73
4327,30,11.49
4328,28,10.73
4329,23,8.81
4330,33,12.64
4331,17,6.51
4332,31,11.88
4333,16,6.13
4334,33,12.64
4335,26,9.96
4336,31,11.88
4337,23,8.81
4338,20,7.66
4339,25,9.58
4340,22,8.43
4341,26,9.96
4342,28,10.73
4343,34,13.03
4344,26,9.96
4345,19,7.28
4346,30,11.49
4347,28,10.73
4348,20,7.66
4349,21,8.05
4350,22,8.43
4351,26,9.96
4352,27,10.34
4353,21,8.05
4354,14,5.36
4355,23,8.81
4356,15,5.75
4357,32,12.26
4358,34,13.03
4359,32,12.26
4360,18,6.9
4361,31,11.88
4362,29,11.11
4363,31,11.88
4364,23,8.81
4365,26,9.96
4366,28,10.73
4367,28,10.73
4368,18,6.9
4369,31,11.88
4370,23,8.81
4371,26,9.96
4372,18,6.9
4373,19,7.28
4374,18,6.9
4375,14,5.36
4376,23,8.81
4377,31,11.88
4378,29,11.11
4379,26,9.96
4380,23,8.81
4381,29,11.11
4382,22,8.43
4383,19,7.28
4384,34,13.03
4385,31,11.88
4386,29,11.11
4387,28,10.73
4388,24,9.2
4389,31,11.88
4390,17,6.51
4391,24,9.2
4392,21,8.05
4393,21,8.05
4394,34,13.03
4395,18,6.9
4396,23,8.81
4397,30,11.49
4398,20,7.66
4399,34,13.03
4400,34,13.03
4401,17,6.51
4402,17,6.51
4403,23,8.81
4404,31,11.88
4405,18,6.9
4406,18,6.9
4407,20,7.66
4408,30,11.49
4409,20,7.66
4410,29,11.11
